,Name,Address,Coordinates
0,Two Ladies Kitchen,"274 Kilauea Ave Hilo, HI 96720","{'latitude': 19.7210425, 'longitude': -155.0843}"
1,Hawaiian Style Cafe Hilo,"681 Manono St Ste 101 Hilo, HI 96720","{'latitude': 19.7130187547454, 'longitude': -155.069893151522}"
2,Pineapples Island Fresh Cuisine,"332 Keawe St Hilo, HI 96720","{'latitude': 19.72274, 'longitude': -155.08616}"
3,Cafe Pesto Hilo Bay,"308 Kamehameha Ave Ste 101 Hilo, HI 96720","{'latitude': 19.723753, 'longitude': -155.085017}"
4,Paul's Place,"132 Punahoa St Hilo, HI 96720","{'latitude': 19.7226009368896, 'longitude': -155.084259033203}"
5,Ken's House Of Pancakes,"1730 Kamehameha Ave Hilo, HI 96720","{'latitude': 19.722272, 'longitude': -155.064721}"
6,Suisan Fish Market,"93 Lihiwai St Hilo, HI 96720","{'latitude': 19.7242201, 'longitude': -155.0701728}"
7,Jackie Rey's Ohana Grill Hilo,"64 Keawe St Hilo, HI 96720","{'latitude': 19.72598, 'longitude': -155.08826}"
8,Moon & Turtle,"51 Kalakaua St Hilo, HI 96720","{'latitude': 19.72525, 'longitude': -155.08712}"
9,The Booch Bar,"110 Keawe St Hilo, HI 96720","{'latitude': 19.7254665, 'longitude': -155.0878708}"
10,Kula Shave Ice,"57 Mamo St Hilo, HI 96720","{'latitude': 19.72264, 'longitude': -155.08487}"
11,Big Island Top Dogs,"811 Laukapu St Ste 6 Hilo, HI 96720","{'latitude': 19.7068837182555, 'longitude': -155.067029220193}"
12,Sweet Cane Cafe,"48 Kamana St Hilo, HI 96720","{'latitude': 19.710195, 'longitude': -155.078019}"
13,Puka Puka Kitchen,"270 Kamehameha Ave Hilo, HI 96720","{'latitude': 19.724236, 'longitude': -155.0856824}"
14,Dragon Kitchen Sushi,"330 Kamehameha Ave Hilo, HI 96720","{'latitude': 19.7235774993896, 'longitude': -155.085052490234}"
15,Makani's Magic Pineapple Shack,"54 Waianuenue Ave Hilo, HI 96720","{'latitude': 19.7262534986447, 'longitude': -155.087520196917}"
16,Da Hawaiian Brain Freeze Shave Ice & Ice Cream,"1263 Kilauea Ave Ste 290 Hilo, HI 96720","{'latitude': 19.71016, 'longitude': -155.076}"
17,Pana'ewa Rainforest Zoo & Gardens,"800 Stainback Hwy Hilo, HI 96720","{'latitude': 19.6535, 'longitude': -155.07339}"
18,Kamana Kitchen,"1235 Kilauea Ave Ste 180 Hilo, HI 96720","{'latitude': 19.7107785686731, 'longitude': -155.075672920707}"
19,Kawamoto Store,"784 Kilauea Ave Hilo, HI 96720","{'latitude': 19.71627, 'longitude': -155.07909}"
20,Cafe 100,"969 Kilauea Ave Hilo, HI 96720","{'latitude': 19.71427, 'longitude': -155.0772299}"
21,Hilo Bay Cafe,"123 Lihiwai St Hilo, HI 96720","{'latitude': 19.725, 'longitude': -155.070454}"
22,Tetsumen Ramen,"697 Manono St Ste 103 Hilo, HI 96720","{'latitude': 19.71272, 'longitude': -155.06965}"
23,Hilo Burger Joint,"776 Kilauea Ave Hilo, HI 96720","{'latitude': 19.716491997242, 'longitude': -155.078912749887}"
24,Vibe,"750 Kanoelehua Ave Ste 101 Hilo, HI 96720","{'latitude': 19.70785, 'longitude': -155.06469}"
25,Just Cruisin Coffee,"835 Kilauea Ave Hilo, HI 96720","{'latitude': 19.716162, 'longitude': -155.078149}"
26,Sombat's Fresh Thai Cuisine,"88 Kanoelehua Ave Hilo, HI 96720","{'latitude': 19.72164, 'longitude': -155.06472}"
27,Moonstruck,"16 Furneaux Ln Hilo, HI 96720","{'latitude': 19.7240586379477, 'longitude': -155.085698600714}"
28,Restaurant Kenichi,"684 Kilauea Ave Hilo, HI 96720","{'latitude': 19.717235, 'longitude': -155.08006}"
29,Rainbow Falls,"967 Waianuenue Ave Hilo, HI 96720","{'latitude': 19.71915380173882, 'longitude': -155.10860837045746}"
30,Tina's Garden Cafe,"168 Kamehameha Ave Hilo, HI 96720","{'latitude': 19.7254413001025, 'longitude': -155.086286114896}"
31,Antics Pizza,"475 Kinoole St Hilo, HI 96720","{'latitude': 19.720587, 'longitude': -155.085942}"
32,Saucy Dogs,"14 Furneaux Ln Hilo, HI 96720","{'latitude': 19.7240907147264, 'longitude': -155.08564987254}"
33,Popover,"399 E Kawili St Ste 102 Hilo, HI 96720","{'latitude': 19.706178, 'longitude': -155.065444}"
34,Short n Sweet Bakery & Cafe,"1263 Kilauea Ave Hilo, HI 96720","{'latitude': 19.71024574328779, 'longitude': -155.0759721}"
35,Pho 99,"18 Furneaux Ln Hilo, HI 96720","{'latitude': 19.7241193, 'longitude': -155.085764}"
36,Ratana's,"211 Kilauea Ave Hilo, HI 96720","{'latitude': 19.7220624, 'longitude': -155.0851797}"
37,Takenoko Sushi,"578 Hinano St Manono Street Marketplace Hilo, HI 96720","{'latitude': 19.712757812177024, 'longitude': -155.06875185244402}"
38,Kaumana Caves,"Hilo, HI 96720","{'latitude': 19.6868513668558, 'longitude': -155.130405187617}"
39,Ola Brew - Hilo,"1177 Kilauea Ave Hilo, HI 96720","{'latitude': 19.71218, 'longitude': -155.07635}"
40,Pho Viet,"80 Kilauea Ave Hilo, HI 96720","{'latitude': 19.7227748, 'longitude': -155.0865827}"
41,Liko Lehua Cafe,"177 Kaumana Dr Hilo, HI 96720","{'latitude': 19.71326, 'longitude': -155.10633}"
42,Scicchitano's Pizzeria,"2100 Kanoelehua Ave Hilo, HI 96720","{'latitude': 19.69016, 'longitude': -155.06627}"
43,5-Spice,"2064 Kilauea Ave Hilo, HI 96720","{'latitude': 19.691641, 'longitude': -155.0669464}"
44,Sushi Ebisuya,"179 Kilauea Ave Hilo, HI 96720","{'latitude': 19.72237, 'longitude': -155.08532}"
45,Naung Mai Thai Kitchen,"86 Kilauea Ave Hilo, HI 96720","{'latitude': 19.72271, 'longitude': -155.08672}"
46,Miyo's Restaurant,"564 Hinano St Hilo, HI 96720","{'latitude': 19.713009, 'longitude': -155.0687349}"
47,Hilo Lunch Shop,"421 Kalanikoa St Hilo, HI 96720","{'latitude': 19.7201, 'longitude': -155.06652}"
48,Mohala's Fish and Chips,"50 Waianuenue Ave Hilo, HI 96720","{'latitude': 19.7262744088841, 'longitude': -155.087487845641}"
49,Hilo Town Tavern,"168 Keawe St Hilo, HI 96720","{'latitude': 19.724778, 'longitude': -155.087535}"
50,New Chiang Mai Thai Cuisine,"110 Kalakaua St Hilo, HI 96720","{'latitude': 19.72537, 'longitude': -155.0879799}"
51,The Temple Bar,"64 Keawe St Ste 102 Hilo, HI 96720","{'latitude': 19.725985, 'longitude': -155.088241}"
52,Le Yellow Sub,"213 Kalalaniana Ave Hilo, HI 96720","{'latitude': 19.7178401947021, 'longitude': -155.087936401367}"
53,Wilson's By the Bay,"141 Mamo St Hilo, HI 96720","{'latitude': 19.7222585, 'longitude': -155.0864068}"
54,Big Island Pearl Tea,"578 Hinano St Ste 104 Hilo, HI 96720","{'latitude': 19.712744874522496, 'longitude': -155.06877283432388}"
55,Liliuokalani Gardens,"191 Lihiwai St Hilo, HI 96720","{'latitude': 19.7272704541683, 'longitude': -155.067476481199}"
56,Nana Carlota's Mexican Food Stand,"161 Kekuanaoa St Hilo, HI 96720","{'latitude': 19.7119120406889, 'longitude': -155.076181885821}"
57,Nori's Saimin & Snacks,"688 Kinoole St Ste 124 Hilo, HI 96720","{'latitude': 19.71774, 'longitude': -155.08446}"
58,Ma'ona Lunch Counter,"16-203 Wiliama Pl Keaau, HI 96749","{'latitude': 19.6378098609769, 'longitude': -155.044449860711}"
59,Papa'a Palaoa Bakery,"187 Kilauea Ave Hilo, HI 96720","{'latitude': 19.72216, 'longitude': -155.085308}"
60,Kuhio Grille,"80 Pauahi St Hilo, HI 96720","{'latitude': 19.720328, 'longitude': -155.079563}"
61,Island Naturals Market & Deli,"1221 Kilauea Ave Hilo, HI 96720","{'latitude': 19.710908711970063, 'longitude': -155.07591361372147}"
62,Koji's Bento Korner,"52 Ponahawai St Hilo, HI 96720","{'latitude': 19.7224279, 'longitude': -155.0843536}"
63,King’s Vietnamese Cuisine,"839 Manono St Hilo, HI 96720","{'latitude': 19.723094, 'longitude': -155.08501}"
64,Ponds Hilo,"135 Kalanianaole Ave Hilo, HI 96720","{'latitude': 19.72388, 'longitude': -155.06179}"
65,Izakaya Miyo,"564 Hinano St Hilo, HI 96720","{'latitude': 19.71304, 'longitude': -155.06892}"
66,Lam's Garden,"172 Kilauea Ave Hilo, HI 96720","{'latitude': 19.7221113380498, 'longitude': -155.085543880924}"
67,Tacos Jalisco,"277 Kekuanaoa St Hilo, HI 96720","{'latitude': 19.71195814005112, 'longitude': -155.0745291535396}"
68,Hilo Rice Noodle Soup Restaurant,"1990 Kinoole St Hilo, HI 96720","{'latitude': 19.6900343, 'longitude': -155.0696407}"
69,Don's Grill,"485 Hinano St Hilo, HI 96720","{'latitude': 19.71534, 'longitude': -155.06825}"
70,The Seaside Restaurant and Aqua Farm,"1790 Kalanianaole Ave Hilo, HI 96720","{'latitude': 19.732615354489692, 'longitude': -155.02864345560997}"
71,Cafe Boba,"810 Piilani St Hilo, HI 96720","{'latitude': 19.71622, 'longitude': -155.06681}"
72,Millie's Deli & Snack Shop,"94 Kalanianaole Ave Hilo, HI 96720","{'latitude': 19.7231927, 'longitude': -155.0626218}"
73,Poke N Sides @ the Hilo Farmers Market,"57 Mamo St Hilo, HI 96720","{'latitude': 19.72264, 'longitude': -155.08487}"
74,The Sippin Siren,"88 Kanoelehua Ave Ste A102 Hilo, HI 96720","{'latitude': 19.721526, 'longitude': -155.06474}"
75,Ding Tea Hilo,"239 Keawe St Hilo, HI 96720","{'latitude': 19.724, 'longitude': -155.086496}"
76,Loved by the Sun,"12 Furneaux Ln Hilo, HI 96720","{'latitude': 19.7240496317265, 'longitude': -155.085634599574}"
77,Nicoco,"185 Kilauea Ave Hilo, HI 96720","{'latitude': 19.7221681, 'longitude': -155.0853187}"
78,Tamari Japanese Lunch Shop,"22 Furneaux Ln Hilo, HI 96720","{'latitude': 19.7238580137491, 'longitude': -155.085955560207}"
79,Cronies Bar & Grill,"11 Waianuenue Ave Hilo, HI 96720","{'latitude': 19.7266042, 'longitude': -155.0868397}"
80,Sugar Coast Candy,"274 Kamehameha Ave Hilo, HI 96720","{'latitude': 19.724219, 'longitude': -155.0856654}"
81,Hiro's Place,"50 E Puainako St Ste 108 KTA Super Stores - Puainako Hilo, HI 96720","{'latitude': 19.692655, 'longitude': -155.066482}"
82,Hilo Siam Thai Restaurant,"70 Mamo St Hilo, HI 96720","{'latitude': 19.7230911, 'longitude': -155.0855408}"
83,Puna Chocolate Company,"277 Keawe St Hilo, HI 96720","{'latitude': 19.7235873, 'longitude': -155.0862993}"
84,White Guava Cafe,"54 E Puainako St Hilo, HI 96720","{'latitude': 19.69445111667885, 'longitude': -155.0663731117025}"
85,Coconut Grill,"136 Banyan Way Hilo Seaside Hotel Hilo, HI 96720","{'latitude': 19.723620934733695, 'longitude': -155.06265429250664}"
86,Cham Cham Korean BBQ,"421 Kalanikoa St Ste 102 Hilo, HI 96720","{'latitude': 19.71672, 'longitude': -155.06544}"
87,Carlsmith Beach Park,"1827 Kalanianaole Ave Hilo, HI 96720","{'latitude': 19.7330791088927, 'longitude': -155.027970678621}"
88,Hawaii Tropical Bioreserve & Garden,"27-717 Old Mamalahoa Hwy Papaikou, HI 96781","{'latitude': 19.8111211496674, 'longitude': -155.096228949054}"
89,Teapresso Bar - Hilo,"14 W Lanikaula St Ste 105 Hilo, HI 96720","{'latitude': 19.707259, 'longitude': -155.075617}"
90,Bangkok Villa Hilo,"59 Kalakaua St Hilo, HI 96720","{'latitude': 19.7253971, 'longitude': -155.0871003}"
91,Vegan Shop,"516 Kinoole St Hilo, HI 96720","{'latitude': 19.71973, 'longitude': -155.08585}"
92,H & K Lunch Shop,"14 W Lanikaula St Ste 102 Hilo, HI 96720","{'latitude': 19.7070579528809, 'longitude': -155.075546264648}"
93,Van Vietnamese Cuisine,"419 Kilauea Ave Hilo, HI 96720","{'latitude': 19.720312244236048, 'longitude': -155.0824403}"
94,K's Drive-In,"194 Hualalai St Hilo, HI 96720","{'latitude': 19.7168253816891, 'longitude': -155.083082346933}"
95,IHOP,"111 E Puainako St Prince Kuhio Plaza Prince Kuhio Plaza Hilo, HI 96720","{'latitude': 19.695294, 'longitude': -155.063849}"
96,Reuben's Mexican Food,"336 Kamehameha Ave Hilo, HI 96720","{'latitude': 19.723556, 'longitude': -155.084948}"
97,Sakura Sushi & Grill,"200 Kanoelehua Ave Hilo, HI 96720","{'latitude': 19.72082430989023, 'longitude': -155.06454144432738}"
98,Kozmic Cones,"317 Waianuenue Ave Hilo, HI 96720","{'latitude': 19.72389, 'longitude': -155.09058}"
99,Moms,"190 Keawe St Ste 10 Hilo, HI 96720","{'latitude': 19.724564, 'longitude': -155.087565}"
100,Restaurant Miwa,"1261 Kilauea Ave Ste 230 Hilo, HI 96720","{'latitude': 19.7105421047085, 'longitude': -155.075502215939}"
101,Kelly Boy's,"175 Uhu St Hilo, HI 96720","{'latitude': 19.711473, 'longitude': -155.073334}"
102,Hula Hulas,"93 Banyan Dr Hilo, HI 96720","{'latitude': 19.729616, 'longitude': -155.064893}"
103,Aloydee's Thai Food,"330 Kamehameha Ave Hilo, HI 96720","{'latitude': 19.723577, 'longitude': -155.085052}"
104,Restaurant Osaka,"762 Kanoelehua Ave Hilo, HI 96720","{'latitude': 19.7074432373047, 'longitude': -155.064529418945}"
105,Low International Food,"222 Kilauea Ave Hilo, HI 96720","{'latitude': 19.72152, 'longitude': -155.08519}"
106,Coconut Island,"77 Keliipio Pl Hilo, HI 96720","{'latitude': 19.729465, 'longitude': -155.068565}"
107,Lyman Museum,"276 Haili St Hilo, HI 96720","{'latitude': 19.7219974, 'longitude': -155.0908298}"
108,Verna's Drive In,"1765 Kamehameha Ave Hilo, HI 96720","{'latitude': 19.72281, 'longitude': -155.06388}"
109,So Juicy Hawaii - Hilo,"116 Kamehameha Ave Hilo, HI 96720","{'latitude': 19.72609, 'longitude': -155.0868}"
110,New Saigon Restaurant,"96 Kalanianaole Ave Hilo, HI 96720","{'latitude': 19.7232557404499, 'longitude': -155.06210131175618}"
111,Lani's Island Snack Shack,"681 Manono St Ste 107 Hilo, HI 96720","{'latitude': 19.7125535200044, 'longitude': -155.069515295327}"
112,Asami's Kitchen,"308 Kilauea Ave Hilo, HI 96720","{'latitude': 19.720944, 'longitude': -155.084113}"
113,WSW Steakhouse,"71 Banyan Dr Hilo, HI 96720","{'latitude': 19.728193, 'longitude': -155.066684}"
114,Yen's Cafe,"235 Waianuenue Ave Hilo, HI 96720","{'latitude': 19.7245502, 'longitude': -155.0896149}"
115,Ohana Foods,"511 W Kawailani St Hilo, HI 96720","{'latitude': 19.683428, 'longitude': -155.082296}"
116,Sky Garden Restaurant,"600 Imiloa Pl Hilo, HI 96720","{'latitude': 19.701243546831176, 'longitude': -155.08869339586988}"
117,Akaka Falls State Park,"Akaka Falls Rd Honomu, HI 96728","{'latitude': 19.8538409556301, 'longitude': -155.152272242078}"
118,What's Shakin',"27-999 Old Mamalahoa Hwy Pepeekeo, HI 96783","{'latitude': 19.824328, 'longitude': -155.095225}"
119,Pe'epe'e Falls & Boiling Pots,"Peepee Falls St Hilo, HI 96720","{'latitude': 19.713306, 'longitude': -155.1304287}"
120,Tabaraka,"272 Waianuenue Ave Hilo, HI 96720","{'latitude': 19.7246596, 'longitude': -155.0902291}"
121,Pandamonia's Paleta Palace,"21 Banyan Dr Hilo, HI 96720","{'latitude': 19.724659, 'longitude': -155.0685994}"
122,Koana,"18-1325 Old Volcano Road Mountain View, HI 96771","{'latitude': 19.55076, 'longitude': -155.107518}"
123,Daiichi Ramen,"111 E Puainako St Hilo, HI 96720","{'latitude': 19.697288, 'longitude': -155.063254}"
124,Happy Valley Seafood Restaurant,"1263 Kilauea Ave Ste 320 Hilo, HI 96720","{'latitude': 19.710168838501, 'longitude': -155.07600402832}"
125,Richardson Ocean Park,"2349 Kalanianaole Ave Hilo, HI 96720","{'latitude': 19.7347665, 'longitude': -155.0133199}"
126,Onekahakaha Beach Park,"74 Onekahakaha Rd Hilo, HI 96720","{'latitude': 19.738193, 'longitude': -155.039601}"
127,Zippy's Hilo,"111 E Puainako St Hilo, HI 96720","{'latitude': 19.69719, 'longitude': -155.06342}"
128,808 Sweet Shack,"315 E Kawili St Hilo, HI 96720","{'latitude': 19.7061614, 'longitude': -155.0682212}"
129,Kandi's Drive Inn,"56 W Kawailani St Hilo, HI 96720","{'latitude': 19.6847426, 'longitude': -155.0693995}"
130,Manono Mini Mart,"454 Manono St Hilo, HI 96720","{'latitude': 19.7160148620605, 'longitude': -155.070449829102}"
131,Nector Cafe,"216 Kamehameha Ave Hilo, HI 96720","{'latitude': 19.724783, 'longitude': -155.086181}"
132,Kum Yo's Okazuya,"399 E Kawili St Hilo, HI 96720","{'latitude': 19.7060317993164, 'longitude': -155.065475463867}"
133,Hale Hookah,"60 Waianuenue Ave Hilo, HI 96720","{'latitude': 19.7262907, 'longitude': -155.0876187}"
134,1 Plus 1 Cafe,"315 Makaala St Ste 110 Hilo, HI 96720","{'latitude': 19.701475, 'longitude': -155.063192}"
135,"Cupcakes, BOOM!","697 Manono St Ste 106 Hilo, HI 96720","{'latitude': 19.712741911747035, 'longitude': -155.06994744746007}"
136,Spoonful Cafe,"16-569 Old Volcano Rd Keaau, HI 96749","{'latitude': 19.6211111, 'longitude': -155.0416667}"
137,Maui Tacos,"111 E Puainako St Ste 605 Hilo, HI 96720","{'latitude': 19.697899, 'longitude': -155.063268}"
138,Poi Balls Hawaii,"619 Manono St Parking Lot Hilo, HI 96720","{'latitude': 19.713710236503204, 'longitude': -155.06991392220704}"
139,Dimple Cheek Cafe & Local Market,"17-4003 Ahuahu Pl Mountain View, HI 96771","{'latitude': 19.5691299680627, 'longitude': -155.081895031035}"
140,Amigos Taqueria,"250 Keawe St Hilo, HI 96720","{'latitude': 19.72374, 'longitude': -155.08686}"
141,Countryside Cafe,"16-586 Old Volcano Rd Keaau, HI 96749","{'latitude': 19.621841761624392, 'longitude': -155.0409898}"
142,Kaleo's Bar and Grill,"15-2969 Pahoa Village Rd Pahoa, HI 96778","{'latitude': 19.49422, 'longitude': -154.94452}"
143,Blane's Drive Inn,"150 Wiwoole St Hilo, HI 96720","{'latitude': 19.701668441222488, 'longitude': -155.0651911037979}"
144,Litchon Food Truck,"Honokaa, HI 96720","{'latitude': 19.7234858629142, 'longitude': -155.084899775684}"
145,Papajacs,"116 Kamehameha Ave Hilo, HI 96720","{'latitude': 19.72609, 'longitude': -155.0868}"
146,Leung's Chop Suey House,"530 E Lanikaula St Hilo, HI 96720","{'latitude': 19.70695, 'longitude': -155.06453}"
147,Mister D's Grillwagon,"57 Mamo St Hilo, HI 96720","{'latitude': 19.7230146156158, 'longitude': -155.085106031413}"
148,Sum Leung Chinese Kitchen,"50 E Puainako St Ste 106 Kta Puainako Shopping Ctr Hilo, HI 96720","{'latitude': 19.693594379666575, 'longitude': -155.06675369101822}"
149,Poly Feng Yuan,"81 W Kawailani St Hilo, HI 96720","{'latitude': 19.6838502201273, 'longitude': -155.06991188237015}"
150,Indo Grindz,"Hilo, HI 96720","{'latitude': 19.688579141460878, 'longitude': -155.08636595390172}"
151,Genki Sushi,"111 E Puainako St Hilo, HI 96720","{'latitude': 19.6990954476535, 'longitude': -155.064209660761}"
152,Kula Bowls,"330 Kamehameha Ave Hilo, HI 96720","{'latitude': 19.72358, 'longitude': -155.08504}"
153,Pho 19,"750 Kinoole St Hilo Hi 96720 Hilo, HI 96720","{'latitude': 19.71703, 'longitude': -155.08419}"
154,Liquid Life,"697 Manono St Hilo, HI 96720","{'latitude': 19.712759, 'longitude': -155.069726}"
155,Kitchen Umeko,"14 W Lanikaula St Ste 104 Hilo, HI 96720","{'latitude': 19.70705, 'longitude': -155.07554}"
156,Seoul Station,"417 Kalanikoa St Hilo, HI 96720","{'latitude': 19.71695, 'longitude': -155.065511}"
157,Lemongrass Restaurant,"16-586 Old Volcano Rd Ste 103 Keaau, HI 96749","{'latitude': 19.62219722357633, 'longitude': -155.04081590294282}"
158,Saucy Mama's,"18-1325 Old Volcano Road Inside Garden Mountain View, HI 96771","{'latitude': 19.550948010862726, 'longitude': -155.10754365473986}"
159,Lee's Chop Suey,"53 W Lanikaula St Hilo, HI 96720","{'latitude': 19.70605, 'longitude': -155.07642}"
160,Taco Bell,"2100 Kanoelehua Ave Hilo, HI 96720","{'latitude': 19.694708, 'longitude': -155.067093}"
161,Jamba,"111 Puainako St Hilo (Big Island), HI 96720","{'latitude': 19.698614184185107, 'longitude': -155.06164836157163}"
162,Arirang Korean Kitchen,"811 Laukapu St Hilo, HI 96720","{'latitude': 19.706894212925533, 'longitude': -155.06662253290415}"
163,Thai Smile,"Hilo, HI 96720","{'latitude': 19.7178401947021, 'longitude': -155.087936401367}"
164,Banyan Drive,"Banyan Dr Hilo, HI 96720","{'latitude': 19.727928, 'longitude': -155.066349}"
165,Pete's Belly Bustazs,"82 Puuhonu Pl Ste 104 Hilo, HI 96720","{'latitude': 19.71708, 'longitude': -155.09819}"
166,Alii Ice Company,"21 Banyan Dr Hilo, HI 96720","{'latitude': 19.724964, 'longitude': -155.068261}"
167,Hilo Coffee Mill,"17-995 Volcano Rd Mountain View, HI 96771","{'latitude': 19.564602, 'longitude': -155.088204}"
168,Hot Dog On a Stick,"111 E Puainako St Ste 428 Hilo, HI 96720","{'latitude': 19.697136, 'longitude': -155.063431}"
169,Onizuka Center,"177 Maka'ala St Maunakea Observatories Support Services Hilo, HI 96720","{'latitude': 19.644528, 'longitude': -155.21553}"
170,Starbucks,"438 Kilauea Ave Hilo, HI 96720","{'latitude': 19.71949403, 'longitude': -155.08255414}"
171,Mt View Bakery,"18-1319 Old Volcano Rd Mountain View, HI 96771","{'latitude': 19.55118, 'longitude': -155.10714}"
172,Pacific Tsunami Museum,"130 Kamehameha Ave Hilo, HI 96720","{'latitude': 19.72592, 'longitude': -155.0867}"
173,Pele's Kitchen,"15-2929 Pahoa Village Rd Pahoa, HI 96778","{'latitude': 19.4939485181951, 'longitude': -154.945757860919}"
174,Pahoa Fresh Fish,"15-2670 Pahoa Village Rd Pahoa, HI 96778","{'latitude': 19.5049859270427, 'longitude': -154.957336932421}"
175,Ocean Front Kitchen,"555 Kalanianaole Ave Ste A Hilo, HI 96720","{'latitude': 19.726839, 'longitude': -155.056191}"
176,Kalbi Express,"315 E Makaala St Ste 106 Hilo, HI 96720","{'latitude': 19.701575, 'longitude': -155.062816}"
177,Tea Time Hawaii,"315 E Kawili St Unit 103 Hilo, HI 96720","{'latitude': 19.70617, 'longitude': -155.0682516}"
178,Mr Ed's Bakery,"28-1672 Old Mamalahoa Hwy Honomu, HI 96728","{'latitude': 19.8693367, 'longitude': -155.1130501}"
179,Joann's Lounge,"88 Kanoelehua Ave Hilo, HI 96720","{'latitude': 19.7216396, 'longitude': -155.0647125}"
180,Mokupapapa Discovery Center,"76 Kamehameha Ave Hilo, HI 96720","{'latitude': 19.7267074, 'longitude': -155.0870115}"
181,Tin Shack Bakery,"15-1500 Akeakamai Lp Pāhoa, HI 96778","{'latitude': 19.4942503, 'longitude': -154.9437281}"
182,Hawaiian Shrimp Company,"315 Makaala St Hilo, HI 96720","{'latitude': 19.7016496478494, 'longitude': -155.062866772055}"
183,Perfect Harmony,"276 Keawe St Hilo, HI 96720","{'latitude': 19.7235453, 'longitude': -155.0865014}"
184,Panda Express,"368 E. Makaala Street Hilo, HI 96720","{'latitude': 19.6987018585205, 'longitude': -155.060897827148}"
185,Ning's Thai Cuisine,"15-2955 Pahoa Village Rd Pahoa, HI 96778","{'latitude': 19.494080996651, 'longitude': -154.94505}"
186,Hilo Municipal Golf Course,"340 Haihai St Hilo, HI 96720","{'latitude': 19.67669, 'longitude': -155.074466}"
187,Waioli Lounge,"71 Banyan Dr Hilo, HI 96720","{'latitude': 19.7280488328395, 'longitude': -155.066871643066}"
188,Floral Mart Hawaii,"738 Kinoole St Hilo, HI 96720","{'latitude': 19.7171591, 'longitude': -155.0842695}"
189,Napoleon's Bakery Hilo,"111 E Puainako St. Zippy's Hilo Hilo, HI 96720","{'latitude': 19.6971899, 'longitude': -155.0634102}"
190,Kula Shave Ice,"330 Kamehameha Ave Hilo, HI 96720","{'latitude': 19.72358, 'longitude': -155.08504}"
191,Ling's Chop Suey House,"2100 Kanoelehua Ave Hilo, HI 96720","{'latitude': 19.691656, 'longitude': -155.067106}"
192,Sunlight Cafe,"1263 Kilauea Ave Ste 280B Hilo, HI 96720","{'latitude': 19.710168838501, 'longitude': -155.07600402832}"
193,Pizza Ala Slice,"111 E Puainako St Hilo, HI 96720","{'latitude': 19.696983, 'longitude': -155.064099}"
194,The Hot Dog Guy,"380 Kanoelehua Ave Hilo, HI 96720","{'latitude': 19.71732, 'longitude': -155.06502}"
195,Cheng's Chop Suey House,"138 Hualalai St Hilo, HI 96720","{'latitude': 19.71724667, 'longitude': -155.08275167}"
196,Big Island Birria Boss,"380 Kanoelehua Rd Hilo, HI 96720","{'latitude': 19.71732, 'longitude': -155.06502}"
197,Surf Break Cafe,"28-1692 Old Mamalahoa Hwy Honomu, HI 96728","{'latitude': 19.870379109163935, 'longitude': -155.11409593818942}"
198,Onomea Country Market & Cafe,"28-1099 Old Mamalahoa Hwy Pepeekeo, HI 96783","{'latitude': 19.83072044528586, 'longitude': -155.0971922}"
199,Baskin-Robbins,"2100 Kanoelehua Ave Ste D2 Hilo, HI 96720","{'latitude': 19.690083, 'longitude': -155.066279}"
200,Bite The Eye,"15-2059 Keaau Pahoa Rd Pahoa, HI 96778","{'latitude': 19.542447687269433, 'longitude': -154.97362078417123}"
201,Mr Cow,"315 Makaala St Hilo, HI 96720","{'latitude': 19.70124, 'longitude': -155.0636}"
202,Little Caesars Pizza,"125 Kekuanaoa St Ste 201 Hilo, HI 96720","{'latitude': 19.7116903442747, 'longitude': -155.076371600846}"
203,Fairway Grill,"340 Haihai St Hilo, HI 96720","{'latitude': 19.674220981513404, 'longitude': -155.07684572036214}"
204,Starbucks,"111 E Puainako St Hilo, HI 96720","{'latitude': 19.69871437, 'longitude': -155.06164099}"
205,Coco Cantina - Hilo,"194 Kilauea Ave Ste 105 Hilo, HI 96778","{'latitude': 19.7215621, 'longitude': -155.0856272}"
206,Hilo Yacht Club,"77 Laehala St Hilo, HI 96720","{'latitude': 19.736476832529, 'longitude': -155.03362345317}"
207,Hale Inu Sports Bar,"399 Hualani St Hilo, HI 96720","{'latitude': 19.71454632947158, 'longitude': -155.0739652819722}"
208,McDonald's,"2100 Kanoelehua Ave Hilo, HI 96720","{'latitude': 19.6912097, 'longitude': -155.0663614}"
209,Kurtistown Cafe,"17-353 Volcano Rd Kurtistown, HI 96760","{'latitude': 19.592985, 'longitude': -155.057269}"
210,Wailuku River State Park,"2-198 Rainbow Dr Hilo, HI 96720","{'latitude': 19.717954, 'longitude': -155.110627}"
211,Luquin’s Mexican Restaurant,"15-1448 Kahakai Blvd Pāhoa, HI 96778","{'latitude': 19.50447831040302, 'longitude': -154.95423068132354}"
212,Sunlight Express,"111 E Puainako St Hilo, HI 96720","{'latitude': 19.6975398977595, 'longitude': -155.063247547861}"
213,Nicoco,"15-2929 Pahoa Village Rd Pahoa, HI 96778","{'latitude': 19.4973010278322, 'longitude': -154.950767484656}"
214,Shaka Tea,"116 Keawe St Hilo, HI 96720","{'latitude': 19.72541, 'longitude': -155.0878357}"
215,Margarita Village,"11 Silva St Hilo, HI 96720","{'latitude': 19.7272605895996, 'longitude': -155.054061889648}"
216,Hilo Sharks Coffee,"28-1672 Old Mamalahoa Hwy Ste 28 Honomu, HI 96728","{'latitude': 19.8694222682398, 'longitude': -155.11332783848}"
217,Big Island Fusion,"380 Kanoelehua Ave Hilo, HI 96720","{'latitude': 19.7170240190292, 'longitude': -155.064796475353}"
218,Taco Aina,"Keaau, HI 96749","{'latitude': 19.620281219482422, 'longitude': -155.036376953125}"
219,The Coffee Bean & Tea Leaf,"16-586 Old Volcano Rd Ste P206 Keaau, HI 96749","{'latitude': 19.622392019566792, 'longitude': -155.03971583818293}"
220,KFC,"111 E Puainako Rd Hilo, HI 96720","{'latitude': 19.6989895023496, 'longitude': -155.061619107581}"
221,Panchos Tacos,"15-2942 Pahoa Village Rd Pahoa, HI 96778","{'latitude': 19.4937404, 'longitude': -154.9454773}"
222,Wailoa River State Recreation Area,"Piilani St Hilo, HI 96720","{'latitude': 19.71642, 'longitude': -155.06849}"
223,Jack in the Box,"50 E Puainako St Hilo, HI 96720","{'latitude': 19.6925742934388, 'longitude': -155.066442489624}"
224,Peggy's Lounge,"760 Piilani St Hilo, HI 96720","{'latitude': 19.7162082, 'longitude': -155.0673769}"
225,New China Restaurant,"510 Kilauea Ave Hilo, HI 96720","{'latitude': 19.7188549041748, 'longitude': -155.081802368164}"
226,Nani Mau Garden & Restaurant,"421 Makalika St Hilo, HI 96720","{'latitude': 19.67136, 'longitude': -155.055211}"
227,Frankie's Pizza,"18 1314 Hwy 11 Mountain View, HI 96771","{'latitude': 19.5514279314318, 'longitude': -155.10686673224}"
228,Ha'ena Beach - aka Shipman Beach,"Kaloli Dr Keaau, HI 96749","{'latitude': 19.64341610784341, 'longitude': -154.9829220912098}"
229,Big Island Mexican Foods,"16-203 Wiliama Pl Keaau, HI 96749","{'latitude': 19.6377314688564, 'longitude': -155.04428467515}"
230,Coco Cantina,"15-2714 Pahoa Village Rd Ste I-3 Pāhoa, HI 96778","{'latitude': 19.50244608797325, 'longitude': -154.9555071435256}"
231,Kamehameha The Great Statue,"774 Kamehameha Ave Hilo, HI 96720","{'latitude': 19.7218048, 'longitude': -155.0783263}"
232,Lemongrass Express Hilo,"315 Makaala St Hilo, HI 96720","{'latitude': 19.70170440237363, 'longitude': -155.06315528970666}"
233,A&J’s Kitchen,"15-2874 Pahoa Rd Pahoa, HI 96778","{'latitude': 19.4947564006393, 'longitude': -154.948386658838}"
234,Sushi Hawaii Rolls & Bowls,"15-2714 Pahoa Village Rd Ste D3 Pahoa, HI 96778","{'latitude': 19.502543274708785, 'longitude': -154.956325}"
235,Hawaii Plantation Museum,"27-246 Old Mamalahoa Hwy Papaikou, HI 96781","{'latitude': 19.783476189293, 'longitude': -155.09320834425}"
236,EpicLava,"11-2083 Jungle King Rd Mountain View, HI 96771","{'latitude': 19.5357609301519, 'longitude': -155.048602914497}"
237,Liko Lehua Cafe,"177 Kaumana St Hilo, HI 96720","{'latitude': 19.713337593008795, 'longitude': -155.106330397104}"
238,Affordable Catering & Okazuya,"811 Laukapu St Ste 1 Hilo, HI 96720","{'latitude': 19.70673, 'longitude': -155.06677}"
239,Pizza Hut,"326 Kilauea Ave Hilo, HI 96720","{'latitude': 19.7207197833684, 'longitude': -155.084008500007}"
240,Kilauea Coffee,"195 Kilauea Ave Hilo, HI 96720","{'latitude': 19.72203, 'longitude': -155.0851752}"
241,Rainbow Falls Connection,"47 Rainbow Dr Hilo, HI 96720","{'latitude': 19.719298818374956, 'longitude': -155.10942137213115}"
242,Onomea Bay,"Papaikou, HI 96781","{'latitude': 19.80932589795322, 'longitude': -155.0937117664551}"
243,Circ Du Latte,"301 Keawe St Hilo, HI 96720","{'latitude': 19.7233504, 'longitude': -155.0861603}"
244,Pizza Hut,"16-586 Old Volcano Rd Ste 1 Keaau, HI 96749","{'latitude': 19.621920381614935, 'longitude': -155.04074117055202}"
245,Paradise Coffee Roasters,"250 Keawe St Hilo, HI 96720","{'latitude': 19.72374, 'longitude': -155.08686}"
246,Duck Fat Food Truck,"Hilo, HI 96720","{'latitude': 19.673052809354292, 'longitude': -155.2227874111058}"
247,Anuenue's Kitchen,"Hilo, HI 96720","{'latitude': 19.7002107640964, 'longitude': -155.08107433746}"
248,Aunty Yong's Place,"688 Kinoole St Hilo, HI 96720","{'latitude': 19.71745, 'longitude': -155.08483}"
249,Lincoln Park,"405 Kinoole St Hilo, HI 96720","{'latitude': 19.721301346410772, 'longitude': -155.086395412648}"
250,Kaleo's Bar and Grill,"16-110 Orchid Land Dr Keaau, HI 96749","{'latitude': 19.56023, 'longitude': -154.99301}"
251,Hawaii BBQ Deli,"111 E Puainako St Unit 570 Hilo, HI 96720","{'latitude': 19.697428, 'longitude': -155.06336}"
252,Bananarama Bakery,"15-2929 Pahoa Village Rd Pāhoa, HI 96778","{'latitude': 19.4940349, 'longitude': -154.9457505}"
253,Honoli'i Beach Park,"180 Kahoa St Hilo, HI 96720","{'latitude': 19.7551816, 'longitude': -155.0910392}"
254,Subway,"194 Kilauea Ave Unit 104 Hilo, HI 96720","{'latitude': 19.7216580059159, 'longitude': -155.0855018782}"
255,Boogie Woogie Pizza,"15-2937 Pahoa Village Rd Pahoa, HI 96778","{'latitude': 19.4939888827912, 'longitude': -154.945601427}"
256,Manas Aloha Farm,"Aloaka Falls Rd Pepeekeo, HI 96783","{'latitude': 19.8491816458642, 'longitude': -155.145892711642}"
257,Minit Stop,"26 Kekela St Hilo, HI 96720","{'latitude': 19.69591966896939, 'longitude': -155.06643727319252}"
258,The Naha Stone,"300 Waianuenue Ave Hilo, HI 96720","{'latitude': 19.7243654547628, 'longitude': -155.090758188028}"
259,L&L Hawaiian Barbecue,"315 Makaala St Ste 106-3 Waiakea Shopping Center Waiakea, HI 96720","{'latitude': 19.701433, 'longitude': -155.062777}"
260,McDonald's,"255 Kinoole St Hilo, HI 96720","{'latitude': 19.72321883584609, 'longitude': -155.0874119}"
261,I Want Ice Cream,"15-2660 Pahoa Village Rd Ste 202 Pāhoa, HI 96778","{'latitude': 19.50504, 'longitude': -154.95806}"
262,Cinnabon,"111 E Puainako St Ste 432 Hilo, HI 96720","{'latitude': 19.69775, 'longitude': -155.063918}"
263,L&L Hawaiian Barbecue,"348 Kinoole St Hilo, HI 96720","{'latitude': 19.72175, 'longitude': -155.08718}"
264,Whatta Waffle,"614 Kilauea Ave Hilo, HI 96720","{'latitude': 19.7006939, 'longitude': -155.0606425}"
265,Subway,"2100 D-1 Building D Kanoelehua Ave Space Space D-1, Bldg D Puainako Center Hilo, HI 96720","{'latitude': 19.6901623, 'longitude': -155.0661941}"
266,La Jefa Island Tacos,"16-1672 Keaau Pahoa Rd Keaau, HI 96749","{'latitude': 19.560973, 'longitude': -154.993569}"
267,Haneul Cafe,"417 Kalanikoa St Hilo, HI 96720","{'latitude': 19.71689969155004, 'longitude': -155.0654354418043}"
268,Domino’s Pizza,"315 Makaala St Ste 109 Hilo, HI 96720","{'latitude': 19.701358, 'longitude': -155.063457}"
269,Yum Yum Teriyaki,"111 E Puainako St Ste 568 Hilo, HI 96720","{'latitude': 19.6970909352346, 'longitude': -155.064054890282}"
270,Orchidland General Store,"16-125 Orchidland Dr Keaau, HI 96749","{'latitude': 19.5524427, 'longitude': -155.0048389}"
271,Alibi Tavern,"16-566 Keaau-Pahoa Rd Keaau, HI 96749","{'latitude': 19.621731, 'longitude': -155.039108}"
272,Sirius Coffee,"15-2874 Pahoa Village Rd Pahoa, HI 96778","{'latitude': 19.4945336, 'longitude': -154.9483733}"
273,Thep Thai Cuisine,"15-2714 Pahoa Village Rd Ste P1 Pahoa, HI 96778","{'latitude': 19.502533, 'longitude': -154.95613}"
274,Black Rock Cafe,"15-2872 Pahoa Village Rd Pahoa, HI 96778","{'latitude': 19.49493, 'longitude': -154.948651}"
275,Machado Acres Park,"1622 Keone St Hilo, HI 96720","{'latitude': 19.67579398724363, 'longitude': -155.08726704088022}"
276,Bayfront Park,"1273 Kamehameha Ave Hilo, HI 96720","{'latitude': 19.7229184018805, 'longitude': -155.074596405029}"
277,L&L Hawaiian Barbecue,"16-586 Old Volcano Rd Ste 104 Keaau, HI 96749","{'latitude': 19.622269404796207, 'longitude': -155.0407772914131}"
278,Liliuokalani Park and Gardens,"189 Lihiwai St Ste 151 Hilo, HI 96720","{'latitude': 19.72579608391994, 'longitude': -155.06944958120584}"
279,E Komo Mai Diner Bar & Grill,"1550 Kamehameha Ave Hilo, HI 96720","{'latitude': 19.72215, 'longitude': -155.06709}"
280,McDonald's,"16-565 Old Volcano Rd Keaau, HI 96749","{'latitude': 19.6220488202064, 'longitude': -155.039260983467}"
281,808 LOCAL FLAVAH,"330 Kamehameha Ave Ste 102 Hilo, HI 96720","{'latitude': 19.7236213, 'longitude': -155.0849898}"
282,Keaau Filipino Food Store,"16-577 Old Volcano Rd Keaau, HI 96749","{'latitude': 19.62111, 'longitude': -155.03993}"
283,Muliwai Trail To Waimanu Valley,"19 E Kawili St Island of Hawaii District Office Dept of Land & Natural Resourc Hilo, HI 96720","{'latitude': 19.7039588, 'longitude': -155.0724084}"
284,Maona Food Truck,"Hilo, HI 96720","{'latitude': 19.71664, 'longitude': -155.08526}"
285,75 Degrees cafe,"1261 Kilauea Ave Ste 221 Hilo, HI 96720","{'latitude': 19.71033, 'longitude': -155.07558}"
286,New Star Bakery,"266 Makaala St Hilo, HI 96720","{'latitude': 19.69877, 'longitude': -155.06602}"
287,Grand Naniloa Resort Golf Club,"120 Banyan Dr Hilo, HI 96720","{'latitude': 19.722764, 'longitude': -155.064651}"
288,Texas Island BBQ,"15-1594 4th Ave Keaau, HI 96749","{'latitude': 19.6054621, 'longitude': -154.9609532}"
289,Hawaii Science and Technology Museum,"64 Keawe St Ste 201 Hilo, HI 96720","{'latitude': 19.726029114942275, 'longitude': -155.0882231}"
290,Burger King,"368A E Makaala St Hilo, HI 96720","{'latitude': 19.698912, 'longitude': -155.0606727}"
291,Laniakea Cafe,"2350 Kekuanaoa St Hilo, HI 96720","{'latitude': 19.714766049975367, 'longitude': -155.03948068220885}"
292,Subway,"16-586 Old Volcano Rd P201 -203 P201 -203 Keaau, HI 96749","{'latitude': 19.622353, 'longitude': -155.039635}"
293,Dairy Queen/Orange Julius Treat Ctr,"111 E Puainako St Prince Kuhio Plaza (Hawa'i) Hilo, HI 96720","{'latitude': 19.697399, 'longitude': -155.063358}"
294,Pana'ewa Park,"100 Ohuohu St Hilo, HI 96720","{'latitude': 19.69217, 'longitude': -155.061891}"
295,Leleiwi Beach Park,"2300 Kalanianaole Ave Hilo, HI 96720","{'latitude': 19.7343519247687, 'longitude': -155.015454283012}"
296,Baumkuchen Farm,"27-714 Ka'ie'ie Rd Papaikou, HI 96781","{'latitude': 19.79175, 'longitude': -155.12638}"
297,Pizza Hut,"2200 Kinoole St Hilo, HI 96720","{'latitude': 19.68438, 'longitude': -155.069717}"
298,Hula Lounge Lobby Bar,"93 Banyan Dr Hilo, HI 96720","{'latitude': 19.72962, 'longitude': -155.06499}"
299,Wai'ale Falls,"Waianuenue Ave Hilo, HI 96720","{'latitude': 19.71860389992004, 'longitude': -155.1424145122506}"
300,Zan's Grindz,"275 E Kawili St In Hilo Brewing Hilo, HI 96720","{'latitude': 19.7060705, 'longitude': -155.0692177}"
301,Mighty Sushi,"15-2660 Keaau Pahoa Rd Pahoa Marketplace Pahoa, HI 96778","{'latitude': 19.508546, 'longitude': -154.958946}"
302,Soontaree's Deli,"101 Aupuni St Ste 227A Hilo, HI 96720","{'latitude': 19.7174129486084, 'longitude': -155.076705932617}"
303,Burger King,"580 Kilauea Ave Hilo, HI 96720","{'latitude': 19.71821, 'longitude': -155.08111}"
304,Colombian Snacks,"W Kawili St & W Puainako St Hilo, HI 96720","{'latitude': 19.69393, 'longitude': -155.08128}"
305,Hilo Ice Shave,"500 Manono St Unit 101 Hilo, HI 96720","{'latitude': 19.715723074073622, 'longitude': -155.07056635522275}"
306,Salti Gear Lemonade,"Hilo, HI 96720","{'latitude': 19.71924, 'longitude': -155.08186}"
307,Banzos,"15-2714 Pahoa Village Rd Unit D2 Puna Kai Shopping Center Pahoa, HI 96778","{'latitude': 19.5028467, 'longitude': -154.9556714}"
308,Pu’u ‘Ō’ō Trail,"23 State Rte 200 Hilo, HI 96720","{'latitude': 19.71626, 'longitude': -155.10332}"
309,@islandwoodfired,"Hilo, HI 96720","{'latitude': 19.71924, 'longitude': -155.08186}"
310,Kalakaua Park,"136 Kalakaua St Hilo, HI 96720","{'latitude': 19.7250422173369, 'longitude': -155.088025748945}"
311,Minit Stop,"763 Leilani St Hilo, HI 96720","{'latitude': 19.70962, 'longitude': -155.0646999}"
312,No. 1 Chinese Barbeque,"15-2660 Pahoa Village Rd Pahoa, HI 96778","{'latitude': 19.50504, 'longitude': -154.95806}"
313,Hawaiian Airlines Premier Club,"2450 Kekuanaoa St Hilo, HI 96720","{'latitude': 19.7152155444586, 'longitude': -155.039928525399}"
314,Triple Pine Pizza,"Hilo, HI 96720","{'latitude': 19.7178401947021, 'longitude': -155.087936401367}"
315,Lava Shack,"15-2929 Pahoa Village Rd Pāhoa, HI 96778","{'latitude': 19.4939796182027, 'longitude': -154.945870824158}"
316,Reeds Bay Beach Park,"251 Banyan Dr Hilo, HI 96720","{'latitude': 19.7251907587488, 'longitude': -155.060713291168}"
317,Kohala Coffee,"15-2714 Pahoa Village Rd Ste P2 Pāhoa, HI 96778","{'latitude': 19.502954390608, 'longitude': -154.95697154381816}"
318,CoMechee Iceshave,"213 Kalanianaole St Hilo, HI 96720","{'latitude': 19.724547957758176, 'longitude': -155.06089002330802}"
319,La Hiki Ola Kava Bar,"15-2950 Pahoa Village Rd Pāhoa, HI 96778","{'latitude': 19.4937887697271, 'longitude': -154.945199012014}"
320,Starbucks,"381 Makaala St Safeway Hilo, HI 96720","{'latitude': 19.70063771, 'longitude': -155.06088907}"
321,Ahualani Park,"1516 Kikaha St Hilo, HI 96720","{'latitude': 19.6777939, 'longitude': -155.0967874}"
322,Hawaiian Style Pizza,"1177 Kilauea Ave Hilo, HI 96720","{'latitude': 19.712087, 'longitude': -155.076354}"
323,Panda Express,"376 Kilauea Ave Hilo, HI 96720","{'latitude': 19.72018, 'longitude': -155.08343}"
324,Big Island Coffee Roasters,"161193 Uhini Ana Rd Mountain View, HI 96771","{'latitude': 19.5474155146485, 'longitude': -155.086372457672}"
325,Ricos Tacos,"Hilo, HI 96720","{'latitude': 19.673052809354292, 'longitude': -155.2227874111058}"
326,The Honey Hut,"Honomu, HI 96728","{'latitude': 19.869545834303118, 'longitude': -155.1124031536816}"
327,Singing Bridge,"Hwy 19 Hilo, HI 96720","{'latitude': 19.7282807795582, 'longitude': -155.08743926265}"
328,Lava Thai Food,"Keaau, HI 96749","{'latitude': 19.615565780776446, 'longitude': -155.03719116624282}"
329,Tilt Prince Kuhio,"111 E Puainako St Hilo, HI 96720","{'latitude': 19.696929, 'longitude': -155.063968}"
330,L&L Hawaiian Barbecue,"15-2714 Pahoa Village Rd Ste C-1 Pahoa, HI 96778","{'latitude': 19.502986577418937, 'longitude': -154.9566039047051}"
331,Da Beans Green,"17-937 Volcano Rd Mountain View, HI 96771","{'latitude': 19.52819, 'longitude': -155.13381}"
332,University Heights Park,"350 Kalili St Hilo, HI 96720","{'latitude': 19.70554029675515, 'longitude': -155.06671604371545}"
333,McDonald's,"325 E Makaala St Hilo, HI 96720","{'latitude': 19.69997, 'longitude': -155.06195}"
334,Center Plate,"2450 Kekuanaoa St Hilo, HI 96720","{'latitude': 19.714613, 'longitude': -155.039638}"
335,Kalo Bombs Hawaii,"15-2874 Pahoa Village Rd Pāhoa, HI 96778","{'latitude': 19.49462, 'longitude': -154.94828}"
336,Pudgee Panda,"15-2714 Pahoa Village Rd Pāhoa, HI 96778","{'latitude': 19.502531160534264, 'longitude': -154.95633036696162}"
337,Hilo Breakwater,"1017 Kalanianaole Ave Hilo, HI 96720","{'latitude': 19.7327764094219, 'longitude': -155.051446929574}"
338,Mo’oheau Park,"231 Kamehameha Ave Hilo, HI 96720","{'latitude': 19.7239427292272, 'longitude': -155.08423325082}"
339,Smokin Okies BBQ,"Pāhoa, HI 96778","{'latitude': 19.55585, 'longitude': -154.89306}"
340,Kealoha Beach Park,"1701 Kalanianaole Ave Hilo, HI 96720","{'latitude': 19.7351520340121, 'longitude': -155.033601628064}"
341,Naniloa Golf Course Driving Range,"120 Banyan Dr Hilo, HI 96720","{'latitude': 19.722771, 'longitude': -155.064653}"
342,Club Rose,"200 Kanoelehua Ave Hilo, HI 96720","{'latitude': 19.72036, 'longitude': -155.06459}"
343,Herbert C. Shipman Park,"Highway 11 Keaau, HI 96749","{'latitude': 19.622094296274, 'longitude': -155.042753219604}"
344,Greenwell Farms,"81-6581 Mamalahoa Hwy Kealakekua, HI 96750","{'latitude': 19.510834421479508, 'longitude': -155.9208118160858}"
345,Aloha Adventures,"1531-1637 Puia Rd Hilo, HI 96720","{'latitude': 19.76511007218574, 'longitude': -155.1183804}"
346,Kaiwiki park,"2391 Kaiwiki Rd Hilo, HI 96720","{'latitude': 19.754199, 'longitude': -155.13992}"
347,Starbucks,"391 Makaala St Target Hilo, HI 96720","{'latitude': 19.70092681, 'longitude': -155.0602293}"
348,Taco Bell,"326 Kilauea Ave. Hilo, HI 96720","{'latitude': 19.720742, 'longitude': -155.083997}"
349,Keaukaha Beach Park,"1185 Kalanianaole Ave Hilo, HI 96720","{'latitude': 19.7326225304863, 'longitude': -155.044897415344}"
350,Hilo Grinds,"1990 Kinoole St Ste 103 Hilo, HI 96720","{'latitude': 19.69050904942358, 'longitude': -155.07050867318796}"
351,"Paradise Meadows, South Point Road","93-2199 S Point Rd Naalehu, HI 96772","{'latitude': 19.049458, 'longitude': -155.662554}"
352,Amigos Cantina,"250 Keawe St Ste C Hilo, HI 96720","{'latitude': 19.7237878, 'longitude': -155.0867954}"
353,Huaka'i Guide Services,"Hilo, HI 96720","{'latitude': 19.7241106, 'longitude': -155.0868193}"
354,The Pahoa Village Museum,"15-2931 Pahoa Village Rd Pahoa, HI 96778","{'latitude': 19.49416, 'longitude': -154.94566}"
355,Pinky's Beach,"45 Silverton Camp Mill Rd Papaikou, HI 96781","{'latitude': 19.78131, 'longitude': -155.09056}"
356,Pahoa Lava Zone Museum,"15-2959 Pahoa Village Rd Pāhoa, HI 96778","{'latitude': 19.49416, 'longitude': -154.9449}"
357,Domino's Pizza,"15-2714 Pahoa Village Rd L-1 Puna Kai Shopping Center Pāhoa, HI 96778","{'latitude': 19.50254, 'longitude': -154.95626}"
358,Subway,"15-2668 Keaau-pahoa Rd Pahoa, HI 96778","{'latitude': 19.5050871772856, 'longitude': -154.957179086623}"
359,Coffee Cove,"11 Silva St Hilo, HI 96720","{'latitude': 19.727253987840395, 'longitude': -155.05400101453534}"
360,Pizza Hut,"605 Laukapu St Ste 103 Hilo, HI 96720","{'latitude': 19.71194, 'longitude': -155.0668}"
361,Minit Stop,"16-119 Orchid Land Dr Keaau, HI 96749","{'latitude': 19.55906, 'longitude': -154.99342}"
362,Cupcakes by Coley,"Pahoa, HI 96778","{'latitude': 19.5045274388715, 'longitude': -154.953410955654}"
363,Cajun Hideaway,"15-3033 Kauhale Rd Pahoa, HI 96778","{'latitude': 19.4936282, 'longitude': -154.9459974}"
364,Kupahua Adventures,"Pahoa, HI 96778","{'latitude': 19.53879, 'longitude': -154.91085}"
365,Akamai Adventure Tours & Travel,"Volcano, HI 96785","{'latitude': 19.42714, 'longitude': -155.23456}"
366,Hawaii island bonsai,"11-2861 Lehua St Mountain View, HI 96771","{'latitude': 19.493753626482, 'longitude': -155.067608048922}"
367,Hawaiian Paradise Park,"15-1570 Maku'u Dr Keaau, HI 96749","{'latitude': 19.6230773657877, 'longitude': -155.040573496513}"
368,Hawaii Forest & Trail,"73-5593 Olowalu St Bldg A Kailua-Kona, HI 96740","{'latitude': 19.6914326, 'longitude': -156.0188924}"
369,Burger King,"15-1450 Kahakai Blvd Pahoa, HI 96778","{'latitude': 19.504168341273, 'longitude': -154.955040961503}"
370,Pohoiki,"Pāhoa, HI 96778","{'latitude': 19.49534034729, 'longitude': -154.949111938477}"
371,Bongo Bens,"Pahoa, HI 96778","{'latitude': 19.49535, 'longitude': -154.94912}"
372,Under The Bodhi Tree,"15-2714 Pahoa Village Rd D1 Pāhoa, HI 96778","{'latitude': 19.50285680011814, 'longitude': -154.9556714}"
373,Pizza Hut,"15-2714 Pahoa Village Rd Bldg D Unit 4 Pahoa, HI 96778","{'latitude': 19.502885154764204, 'longitude': -154.95651433865743}"
374,McDonald's,"15-2714 Pahoa Village Rd Pāhoa, HI 96778","{'latitude': 19.502874154476412, 'longitude': -154.95565337312456}"
375,Plates Of Aloha,"65-1214 Lindsay Rd Waimea, HI 96743","{'latitude': 20.0215814, 'longitude': -155.6694085}"
376,Big Island Tea,"18-2465 N Glenwood Rd Mountain View, HI 96771","{'latitude': 19.50464, 'longitude': -155.17742}"
377,Dj's Pizza and Wings,"15-2945 Pahoa Village Rd Pāhoa, HI 96778","{'latitude': 19.494094, 'longitude': -154.945297}"
